Scenario,Average happiness,Average Agent Competitiveness
1,0.0004357825929064278,0.3
2,0.005931441770589035,0.21363665833673764
3,0.006719367588932805,0.4666666666666666
1,0.00042056566081379455,0.5
2,0.0036679340694826855,0.6199196995351871
3,0.0025954198473282443,0.4666666666666667
